Olivia -> Olivia
Olvia -> Olivia
pedro -> Pedro
Zyairah -> Zy'airah
CamiIaa -> Camila
HIanen -> Haneen
HIanecn -> Haneen
CamiIa -> Camila
-Lana -> Alan
AY-DA -> Jayda
TAYl-OI -> Taylor
IMIARvINI -> Marvin
AIMIYl-IA -> Amylia
RIE-I-F-lII -> Rieleigh
I-imond -> Diamond
F-li-zJah -> ElizJah
ChuIwudiAPC -> Chukwudi
HaIey -> Hailey
JInMd -> Jin
JneIIe -> Janelle
<<<<<<< Updated upstream
ZyIee -> Zykee
=======
CarIa -> Camila
kIthlvn -> Kaitlyn
ItIci -> Patricia
kroIIra -> Karolina
Aaro -> Aaron
ChukwudiAI -> Chukwudi
AbdeInaleI -> Abdelmalek
Zahra -> Zahria
Mossa -> Moussa

IovarI -> Jovani
Iared -> Jared
Chrystin -> Chrystina
ChudI -> Chukwudi
Araya -> Araya (Laray)
>>>>>>> Stashed changes
 -> 8th grade math
 -> science
